id;first_name;last_name;street;city;country;social_reason;phone_number;email;created;created_by;updated;updated_by
1;Gregorio;Grady;Madelynn Springs;South Jaquan;Saint Vincent and the Grenadines;Fresh Handcrafted Island;compressing array;Grant_Hahn99@gmail.com;2023-02-14T12:54:35;59415;2023-02-14T13:29:09;65665
2;Troy;Farrell;McKenzie Avenue;Westton;Philippines;Gorgeous Internal;Avon neural vortals;Abbigail89@yahoo.com;2023-02-14T01:54:01;95489;2023-02-14T19:49:10;10337
3;Onie;Medhurst;Volkman Islands;Kerlukeview;Montenegro;Corporate Wooden;Metal Wooden back-end;Jessica80@yahoo.com;2023-02-14T10:23:08;1397;2023-02-14T19:42:45;75158
4;Ines;Beatty;Ullrich Ramp;Damienport;Uruguay;parsing orange copying;encoding Cape;Timmothy_Kirlin16@yahoo.com;2023-02-14T16:22:03;22815;2023-02-14T06:51:17;73059
5;Bertram;Kub;Sim Parkways;Sierra Vista;Ecuador;migration Plastic Small;Automotive Fantastic Ball;Celine.Herman59@gmail.com;2023-02-14T13:28:08;51251;2023-02-14T19:32:16;25806
6;Naomie;Volkman;Lucie Island;Wilmerland;Cambodia;JBOD optical;Executive invoice;Jovan62@gmail.com;2023-02-13T23:46:12;65651;2023-02-14T18:04:02;15504
7;Leif;Berge;Ratke Corner;Kuhnside;Turkmenistan;Hollow matrix;IB array technologies;Greta.Nitzsche28@hotmail.com;2023-02-14T17:25:08;98028;2023-02-14T13:45:39;56245
8;Gaston;Dooley;Josiane Stravenue;Koryland;South Africa;Interactions;reintermediate e-business Loan;Abner_Russel76@gmail.com;2023-02-14T18:23:57;99205;2023-02-14T04:05:37;69509
9;Marco;Rempel;Cartwright Points;Heaneyland;Cook Islands;Kina revolutionary bus;drive;Kianna52@yahoo.com;2023-02-14T08:09:13;38953;2023-02-14T06:18:13;56253
10;Hank;Schoen;Treutel Mountain;Muellerview;Wallis and Futuna;Morocco;panel;Imogene87@gmail.com;2023-02-14T04:52:21;11547;2023-02-14T03:41:04;70286
